query,title,description,content,source,publishedAt,url
eleição,Mudança na eleição a tempo das próximas autárquicas,"A Lei Eleitoral dos Órgãos das Autarquias Locais é uma das matérias que vai ser apreciadas pela Comissão da Reforma do Estado e do Poder Local, em atividade desde junho de 2025. A intenção é fazer a revisão até final da legislatura, para entrar em vigor nas autárquicas de 2029.","A lei eleitoral recua a 1976, tendo sofrido apenas pequenos acertos, ""mas as competências dos municípios mudaram muito nestes 50 anos. Necessitam, por isso, de eleitos que acompanhem essas necessidades"", explica Almiro Moreira (PSD), garantindo que, ... [260 chars]",Jornal de Notícias,2026-06-02T11:16:00Z,https://www.jn.pt/nacional/artigo/mudanca-na-eleicao-a-tempo-das-proximas-autarquicas/18089910
eleição,TSE julga recurso de Claudio Castro e mantém indefinição sobre eleição no Rio,O Tribunal Superior Eleitoral (TSE) julga nesta terça-feira (2) o recurso de Claudio Castro. Entenda a disputa sobre eleições diretas ou indiretas no Rio.,"O Tribunal Superior Eleitoral (TSE) julga nesta terça-feira (2) o recurso apresentado pelo ex-governador do Rio de Janeiro, Claudio Castro (PL-RJ), contra a decisão que o condenou à inelegibilidade até 2030. A Corte definirá se mantém a sentença que ... [2767 chars]",ISTOÉ Independente,2026-06-02T10:32:00Z,https://istoe.com.br/tse-julga-recurso-claudio-castro-eleicao-rio
eleição,TRE julga hoje candidaturas e mudança nas regras da eleição suplementar após decisão de Dino,Julgamento ocorrerá no contexto da decisão que obrigou a Corte local a considerar os prazos de desincompatibilização previstos em lei,"O Tribunal Regional Eleitoral (TRE-RR) vai julgar, nesta terça-feira (2), a partir das 11h, em sessão presencial, seis pedidos de registros de candidaturas e quatro processos de Demonstrativo de Regularidade de Atos Partidários (Drap) da eleição supl... [1577 chars]",Folha De Boa Vista,2026-06-02T10:00:00Z,https://www.folhabv.com.br/politica/tre-julga-hoje-candidaturas-e-mudanca-nas-regras-da-eleicao-suplementar-apos-decisao-de-dino/
eleição,Campanha da mudança: vitória histórica de Waldir Pires completa 40 anos,"Relembre os 40 anos da eleição de 1986, quando Waldir Pires derrotou o carlismo com votação recorde na Bahia. Conheça a história do jingle ""Já comi, já bebi"" e os bastidores.","“Já comi, já bebi. Agora vou votar em Waldir”. A frase, usada demasiadamente pelos baianos em 1986, 40 anos atrás, soa estranha nos dias atuais, mas explica uma das vitórias mais avassaladoras registradas nas urnas do estado em todos os tempos. Neste... [4618 chars]",A Tarde,2026-06-02T09:30:00Z,https://atarde.com.br/colunistas/politica--memoria/campanha-da-mudanca-vitoria-historica-de-waldir-pires-completa-40-anos-1390468
eleição,Eleição para governador na Califórnia pode ter dois candidatos do mesmo partido no 2º turno; entenda,Regra coloca democratas e republicanos na disputa em uma lista única no primeiro turno; voto democrata está dividido e republicanos podem aproveitar,A Califórnia é conhecida internacionalmente por suas políticas progressistas e é frequentemente associada com o Partido Democrata. O Estado é governado pela legenda desde 2011 e não elege um republicano para a Casa Branca desde 1988. Mas uma regra el... [5514 chars],"O Estado de S. Paulo,",2026-06-02T08:30:00Z,https://www.estadao.com.br/internacional/eleicao-para-governador-na-california-pode-ter-dois-candidatos-do-mesmo-partido-no-2-turno-entenda/
eleição,Análise: as ameaças da IA na visão do editor do NYT,"Em ano de eleição, o uso da inteligência artificial impõe um desafio colossal para o Brasil. Mas não nos iludamos: o que está em jogo não é o futuro da mídia. É a democracia no século 21","O jornalista Arthur Gregg Sulzberger, de 45 anos, pertence à quinta geração da família a comandar o New York Times, ícone mundial da imprensa. Ele assumiu o legado do pai em 2018, após anos de experiência no exercício da reportagem. De lá para cá, A.... [4898 chars]",Correio Braziliense,2026-06-02T03:55:00Z,https://www.correiobraziliense.com.br/politica/2026/06/7432658-analise-as-ameacas-da-ia-na-visao-do-editor-do-nyt.html
eleição,Eleição é chance para mudar o Rio,É preciso eleger alguém que compreenda o potencial do Rio e queira fazer algo decente por um estado que vem sendo saqueado ao longo do tempo,"GERADO EM: 01/06/2026 - 12:57
Eleição no RJ: Chance de Transformação e Futuro Próspero
A eleição no Rio de Janeiro é vista como uma oportunidade crucial para transformação. Escolher um líder que entenda o potencial do estado e esteja comprometido em ... [3253 chars]",O GLOBO,2026-06-02T03:05:34Z,https://oglobo.globo.com/opiniao/fernando-gabeira/coluna/2026/06/eleicao-e-chance-para-mudar-o-rio.ghtml
eleição,"Com alto índice de homicídios, insegurança é pauta decisiva para eleição presidencial no Peru: 'Vivemos com medo'",70% dos peruanos esperam que melhora na segurança pública seja prioridade de quem vencer o segundo turno do próximo domingo,"PUBLICIDADE
Exclusivo para assinantes
Com alto índice de homicídios, insegurança é pauta decisiva para eleição presidencial no Peru: 'Vivemos com medo'
70% dos peruanos esperam que melhora na segurança pública seja prioridade de quem vencer o segundo... [4872 chars]",O GLOBO,2026-06-02T03:01:24Z,https://oglobo.globo.com/mundo/noticia/2026/06/02/com-alto-indice-de-homicidios-inseguranca-e-pauta-decisiva-para-eleicao-presidencial-no-peru-vivemos-com-medo.ghtml
eleição,María Corina Machado pede transição na Venezuela sem “rendição” nem “revanche”,Opositora venezuelana foi impedida de concorrer eleição presidencial de 2024,"A opositora venezuelana e prêmio Nobel da Paz María Corina Machado afirmou nesta terça-feira (2) que quer negociar uma transição democrática em seu país sem ""rendição"" nem ""revanche"".
Machado segue pressionando por uma transição democrática desde que... [2151 chars]",Correio Do Povo,2026-06-02T00:00:00Z,https://www.correiodopovo.com.br/not%C3%ADcias/mundo/maria-corina-machado-pede-transicao-na-venezuela-sem-rendicao-nem-revanche-1.1718648
eleição,"Candidato ao TC indicado pelo Chega afasta prisão perpétua da ""cultura jurídica portuguesa""",Eleição dos novos juízes do Tribunal Constitucional está marcada para o dia 12 de junho de 2026.,"O candidato ao Tribunal Constitucional indicado pelo Chega manifestou-se esta terça-feira contra a pena de morte, afirmou que a prisão perpétua ""não faz parte da cultura jurídica portuguesa"" e considerou que a revisão constitucional não é prioritária... [4537 chars]",Correio da Manhã,2026-06-02T00:00:00Z,https://www.cmjornal.pt/politica/detalhe/candidato-ao-tc-indicado-pelo-chega-afasta-prisao-perpetua-da-cultura-juridica-portuguesa
bolsonaro,Lindbergh aciona Dino e pede investigação sobre entidade ligada a filme de Bolsonaro,Deputado federal pediu atuação da PF e PGR diante de conclusões da Polícia Civil de SP. Leia na Gazeta do Povo.,"O deputado federal Lindbergh Farias (PT-RJ) acionou o ministro do Supremo Tribunal Federal (STF) Flávio Dino para pedir a inclusão das conclusões da operação Wi-Fi Livre, da Polícia Civil de São Paulo, na arguição de descumprimento de preceito fundam... [5027 chars]",Gazeta do Povo,2026-06-02T11:30:42Z,https://www.gazetadopovo.com.br/republica/lindbergh-aciona-dino-e-pede-investigacao-sobre-entidade-ligada-a-filme-de-bolsonaro/
bolsonaro,"Governo vê espaço para negociar após tarifa dos EUA, mas vai culpar Flávio Bolsonaro se ela falhar por motivos políticos","EUA concluíram investigação que alegam práticas 'irrazoáveis' por parte do Brasil. Governo anunciou sanção a produtos brasileiros, com uma lista de exceções.","O governo Luiz Inácio Lula da Silva (PT) já esperava uma recomendação de aumento de tarifa de importação pelos Estados Unidos por alegadas práticas desleais da parte do Brasil, como anunciado na madrugada desta terça-feira (2).
Mas, acredita haver es... [2684 chars]",G1,2026-06-02T11:30:26Z,https://g1.globo.com/politica/blog/valdo-cruz/post/2026/06/02/governo-ve-espaco-para-negociacao-apos-tarifa-de-25percent-dos-eua-mas-vai-responsabilizar-flavio-bolsonaro-se-ela-falhar-por-motivos-politicos.ghtml
bolsonaro,"Flávio Bolsonaro lidera em mato Grosso com 40%, aponta pesquisa RealTime/Big Data; Lula tem 31%","Pesquisa RealTime Big Data divulgada nesta terça-feira, 2, sobre a corrida presidencial no Estado do Mato Grosso mostra a liderança de Flávio Bolsonaro (PL) ...","Pesquisa RealTime Big Data divulgada nesta terça-feira, 2, sobre a corrida presidencial no Estado do Mato Grosso mostra a liderança de Flávio Bolsonaro (PL) com 40%, seguido do presidente e pré-candidato à reeleição pelo PT, Luiz Inácio Lula da Silva... [726 chars]",Folha De Pernambuco,2026-06-02T11:19:00Z,https://www.folhape.com.br/politica/flavio-bolsonaro-lidera-em-mato-grosso-com-40-aponta-pesquisa/491301/
bolsonaro,"Flávio Bolsonaro lidera em mato Grosso com 40%, aponta pesquisa RealTime/Big Data; Lula tem 31%","Veja as principais notícias e manchetes do dia no Brasil e no Mundo. Leia textos e assista a vídeos de Política, Cotidiano, Crimes e mais.","Pesquisa RealTime Big Data divulgada nesta terça-feira, 2, sobre a corrida presidencial no Estado do Mato Grosso mostra a liderança de Flávio Bolsonaro (PL) com 40%, seguido do presidente e pré-candidato à reeleição pelo PT, Luiz Inácio Lula da Silva... [714 chars]",UOL Notícias,2026-06-02T11:16:00Z,https://noticias.uol.com.br/ultimas-noticias/agencia-estado/2026/06/02/flavio-bolsonaro-lidera-em-mato-grosso-com-40-aponta-pesquisa-realtimebig-data-lula-tem-31.htm
bolsonaro,"Eduardo Bolsonaro divulga ato de lançamento de sua chapa ao Senado, mas deve aparecer só por vídeo","Plano do PL é registrar o ex-deputado como suplente, embora existam discussões sobre questionamentos na Justiça Eleitoral, pelo fato de ele estar vivendo fora do país","O ex-deputado federal Eduardo Bolsonaro começou a divulgar nas redes sociais o convite para o lançamento da pré-candidatura ao Senado, por São Paulo, do deputado estadual André do Prado (PL). O material anuncia que, além do presidente da Assembleia L... [1916 chars]",Valor Econômico,2026-06-02T11:13:25Z,https://valor.globo.com/politica/noticia/2026/06/02/eduardo-bolsonaro-divulga-ato-de-lanamento-de-sua-chapa-ao-senado-mas-deve-aparecer-s-por-vdeo.ghtml
bolsonaro,Érika Hilton associa tarifa dos EUA a encontro de Flávio Bolsonaro com Trump,Deputada federal critica aproximação entre aliados do ex-presidente Jair Bolsonaro e o governo norte-americano após anúncio de tarifa de 25% sobre exportações brasileiras,"A deputada federal ÉErika Hilton (PSol-SP) criticou duramente o senador Flávio Bolsonaro (PL-RJ) após o anúncio do governo dos Estados Unidos de uma tarifa de 25% sobre produtos exportados pelo Brasil. Em publicação na rede social X, a parlamentar re... [1354 chars]",Correio Braziliense,2026-06-02T11:05:43Z,https://www.correiobraziliense.com.br/politica/2026/06/7432886-erika-hilton-associa-tarifa-dos-eua-a-encontro-de-flavio-bolsonaro-com-trump.html
bolsonaro,Lindbergh reage a tarifa de Trump: “O PIX é do Brasil”,"Para Lindbergh, a pressão externa sobre o PIX não pode ser dissociada da atuação de Eduardo Bolsonaro e Flávio Bolsonaro fora do país","247 - O deputado Lindbergh Farias reagiu à proposta dos EUA de tarifa de 25% contra importações brasileiras e defendeu a soberania nacional após o governo Donald Trump citar serviços de pagamento eletrônico, incluindo o suposto tratamento preferencia... [2326 chars]",Brasil 247,2026-06-02T10:55:50Z,https://www.brasil247.com/brasil/lindbergh-reage-a-tarifa-de-trump-o-pix-e-do-brasil
bolsonaro,"O que diz Orleans Bragança, lembrado para vice de Flávio Bolsonaro",Deputado do PL de São Paulo faz alerta para o pré-candidato à Presidência da República e diz que toparia compor chapa,"Sugerido por parte da militância bolsonarista para ser vice de Flávio Bolsonaro, o deputado federal Luiz Philippe de Orleans e Bragança (PL-SP) disse à coluna que o pré-candidato ao Planalto precisa ter cuidado para não cair em “armadilhas” na formaç... [938 chars]",Estado de Minas,2026-06-02T10:53:13Z,https://www.em.com.br/politica/platobr/2026/06/7432878-o-que-diz-orleans-braganca-lembrado-para-vice-de-flavio-bolsonaro.html
bolsonaro,Flávio Bolsonaro reage após ameaça de novas tarifas do governo Trump: 'Pedi para não taxar nossas empresas',"Governo americano ameaça impor sobretaxa de 25% a produtos brasileiros em julho, caso negociações com a gestão Lula não avancem.","O senador Flávio Bolsonaro (PL-RJ), pré-candidato à Presidência da República, afirmou em vídeo publicado nas redes sociais na manhã desta terça-feira (02/06) que é contra a imposição de novas tarifas para compra de produtos importados que os Estados ... [2699 chars]",Correio Braziliense,2026-06-02T10:42:57Z,https://www.correiobraziliense.com.br/mundo/2026/06/7432869-flavio-bolsonaro-reage-apos-ameaca-de-novas-tarifas-do-governo-trump-pedi-para-nao-taxar-nossas-empresas.html
bolsonaro,Pendências da PGR travam casos cruciais à família Bolsonaro,"Definição sobre lei da dosimetria, investigação contra Flávio e eventual revisão da condenação do ex-presidente dependem de parecer de Paulo Gonet","O procurador-geral da República, Paulo Gonet, tem parados em sua mesa pareceres que estão travando o andamento de processos considerados cruciais para a família Bolsonaro.
Gonet mantém em seu gabinete manifestações referentes à lei da dosimetria, à i... [3553 chars]",CNN Brasil,2026-06-02T10:37:51Z,https://www.cnnbrasil.com.br/blogs/teo-cury/politica/pendencias-da-pgr-travam-casos-cruciais-a-familia-bolsonaro/
lula,Trump indica novo embaixador para o Brasil em meio a impasses com Lula,"O presidente dos Estados Unidos, Donald Trump, indicou nesta segunda-feira (1º) Daniel Perez para o cargo de embaixador no Brasil. A nomeação ainda precisa","O presidente dos Estados Unidos, Donald Trump, indicou nesta segunda-feira (1º) Daniel Perez para o cargo de embaixador no Brasil. A nomeação ainda precisa ser aprovada pelo Senado norte-americano. Caso seja confirmada, encerrará um período de mais d... [3625 chars]",Tribuna Do Norte,2026-06-02T11:32:15Z,https://tribunadonorte.com.br/brasil/trump-indica-novo-embaixador-para-o-brasil-em-meio-a-impasses-com-lula/
lula,Governo Lula vê proposta de tarifaço dos EUA como sem fundamento e avalia que sanções poderiam ser piores,"Órgão americano sugere tarifas de 25% sobre mercadorias brasileiras, com algumas exceções","GERADO EM: 02/06/2026 - 08:22
Governo Lula critica proposta dos EUA de tarifas sobre produtos brasileiros
O governo Lula classificou como ""absurda"" a proposta dos EUA de impor tarifas de 25% sobre produtos brasileiros, apontando falta de fundamento t... [1833 chars]",O GLOBO,2026-06-02T11:21:57Z,https://oglobo.globo.com/economia/noticia/2026/06/02/governo-lula-ve-proposta-de-tarifaco-dos-eua-como-sem-fundamento-e-avalia-que-sancoes-poderiam-ser-piores.ghtml
lula,"Governo Lula reage a novo tarifaço dos EUA e vê proposta como ""ideológica e inconsistente""","Governo Lula considera proposta de tarifaço dos EUA ideológica, aposta no diálogo e teme efeitos políticos da medida.",Integrantes do governo Lula avaliam como “ideológica” e “inconsistente” a proposta apresentada pelo Escritório do Representante Comercial dos Estados Unidos (USTR) para aplicar tarifas de 25% sobre produtos brasileiros exportados ao mercado norte-ame... [1831 chars],Diário do Centro do Mundo,2026-06-02T11:21:29Z,https://www.diariodocentrodomundo.com.br/governo-lula-reage-a-novo-tarifaco-dos-eua-e-ve-proposta-como-ideologica-e-inconsistente/
lula,"Lula tem até julho para negociar novo tarifaço, diz Flávio",Comentário de senador ocorreu após Escritório Comercial dos EUA propor taxar em 25% importações brasileiras,O pré-candidato à Presidência da República Flávio Bolsonaro (PL) disse que o presidente Luiz Inácio Lula da Silva (PT) deve negociar o novo tarifaço dos Estados Unidos até julho. A declaração foi feita nesta terça-feira (2) em entrevista à rádio Itat... [363 chars],CNN Brasil,2026-06-02T11:15:54Z,https://www.cnnbrasil.com.br/politica/lula-tem-ate-julho-para-negociar-novo-tarifaco-diz-flavio/
lula,Ao vivo: Lula inaugura o Campus Catalão do IF Goiano,"Obra recebeu R$ 6,5 milhões do Novo PAC; sede substitui imóvel alugado e amplia estrutura do campus. Leia no Poder360.","O presidente Luiz Inácio Lula da Silva (PT) participa nesta 3ª feira (2.jun.2026) da inauguração da sede definitiva do IF Goiano (Instituto Federal Goiano) em Catalão, no sudeste de Goiás. A cerimônia está marcada para as 9h15 e terá a presença do mi... [648 chars]",Poder360,2026-06-02T11:15:21Z,https://www.poder360.com.br/poder-governo/ao-vivo-lula-inaugura-o-campus-catalao-do-if-goiano/
lula,"Big Techs: Brasil busca escudo atrás da soberania digital, diz professor",Carlos Affonso Souza analisa ao WW os decretos do governo Lula que regulam plataformas digitais e alerta para alcance amplo das novas regras,"O Brasil tem buscado se proteger das pressões externas sobre a regulação das plataformas digitais sob o argumento da soberania digital. A avaliação é de Carlos Affonso Souza, professor de Direito da UERJ (Universidade do Estado do Rio de Janeiro) e d... [2394 chars]",CNN Brasil,2026-06-02T11:11:01Z,https://www.cnnbrasil.com.br/politica/big-techs-brasil-busca-escudo-atras-da-soberania-digital-diz-professor/
lula,"Trump tenta conciliar acenos a radicais e relação com Lula, dizem empresários",Empresários avaliam que Trump busca agradar ala republicana mais radical sem romper o diálogo diplomático com Lula,"247 - A relação entre o presidente norte-americano Donald Trump e o presidente Lula (PT) volta a atravessar um período de tensão, em meio a gestos políticos de Washington que repercutem diretamente no Brasil. Apesar do desgaste, empresários com inter... [3668 chars]",Brasil 247,2026-06-02T10:46:20Z,https://www.brasil247.com/americalatina/trump-tenta-conciliar-acenos-a-radicais-e-relacao-com-lula-dizem-empresarios
pt,PT culpa Flávio por taxação dos EUA: “Família Bolsonaro bate palma”,"Para o secretário de comunicação do PT, atuação da família Bolsonaro foi decisiva e contribuiu para o novo tarifaço dos EUA contra o Brasil","O secretário de comunicação do PT e um dos coordenadores da campanha do presidente Lula, Éden Valadares culpa o senador Flávio Bolsonaro (PL-RJ) pela nova taxação que o governo americano impôs ao Brasil.
Nesta madrugada, a gestão de Donald Trump fez ... [1441 chars]",Metrópoles,2026-06-02T10:03:00Z,https://www.metropoles.com/colunas/milena-teixeira/pt-culpa-flavio-por-taxacao-dos-eua-familia-bolsonaro-bate-palma
pt,PT reafirma apoio a Camarão e fecha com Weverton e Eliziane para o Senado,"Em visita a São Luís, Edinho Silva afirmou que o partido terá apenas um palanque no Maranhão em 2026.","O presidente nacional do PT, Edinho Silva, reafirmou nesta segunda-feira (1º), durante agenda em São Luís, o apoio da legenda à pré-candidatura de Felipe Camarão ao Governo do Maranhão. O dirigente também confirmou que o partido trabalhará pela eleiç... [1589 chars]",Jornal Pequeno,2026-06-02T08:00:31Z,https://jornalpequeno.com.br/2026/06/02/pt-reafirma-apoio-a-camarao-e-fecha-com-weverton-e-eliziane-para-o-senado/
pt,6x1: Presidente da CCJ diz que PEC do PT tem prioridade sobre a da oposição,"À CNN Brasil, Otto Alencar (PSD-BA) afirma que proposta da oposição ""deve entrar em uma fila"": ""Tem muita coisa na frente dela""","O presidente da Comissão de Constituição e Justiça do Senado, Otto Alencar (PSD-BA), disse nesta segunda-feira (1º) à CNN Brasil que uma PEC já aprovada pelo colegiado em dezembro de 2025 sobre o fim da escala 6x1 deverá ter prioridade sobre a propos... [2900 chars]",CNN Brasil,2026-06-02T07:15:08Z,https://www.cnnbrasil.com.br/blogs/caio-junqueira/politica/6x1-presidente-da-ccj-diz-que-pec-do-pt-tem-prioridade-sobre-a-da-oposicao/
pt,"Kalil se aproxima de Aécio em Minas e ""solução caseira"" ganha força no PT","Ex-prefeito de BH evita garantir palanque a Lula, negocia com PSDB e amplia pressão por candidatura própria petista em Minas","247 - Alexandre Kalil (PDT), pré-candidato ao governo de Minas Gerais, evitou garantir apoio imediato ao presidente Lula (PT) em 2026 e mantém abertas negociações com partidos como o União Brasil e o PSDB de Aécio Neves, movimento que aumenta a press... [2587 chars]",Brasil 247,2026-06-02T07:11:29Z,https://www.brasil247.com/regionais/sudeste/kalil-se-aproxima-de-aecio-em-minas-e-solucao-caseira-ganha-forca-no-pt
pt,Plano B de Lula em Minas abre conversas com o PSDB de Aécio,"Em encontro com presidente do PT, ex-prefeito Alexandre Kalil (PDT) demonstrou resistência em dar palanque a Lula em Minas Gerais","Uma das alternativas do PT para a disputa ao governo de Minas Gerais, o ex-prefeito de Belo Horizonte Alexandre Kalil (PDT) resiste a garantir de imediato o palanque para o presidente Lula no estado, em 2026.
A resistência foi demonstrada pelo ex-pre... [1971 chars]",Metrópoles,2026-06-02T05:30:00Z,https://www.metropoles.com/colunas/igor-gadelha/plano-b-de-lula-em-minas-abre-conversas-com-psdb-de-aecio
pt,"Lula vai nesta 3ª a Goiás, estado que resiste ao PT há décadas",Roteiro inclui inaugurações e anúncios em Catalão e Rio Verde. Goiás também enfrenta impasse sobre candidato do PT ao governo do estado,"O presidente Luiz Inácio Lula da Silva (PT) desembarca em Goiás nesta terça-feira (2/6), estado em que o PT venceu apenas duas das nove eleições presidenciais desde 1989 e onde a sigla ainda busca definir um candidato para disputar o governo estadual... [6402 chars]",Metrópoles,2026-06-02T05:00:30Z,https://www.metropoles.com/brasil/lula-vai-nesta-3a-a-goias-estado-que-resiste-ao-pt-ha-decadas
pt,Lula pede que Durigan mapeie possíveis prejuízos ao Brasil,"O presidente Luiz Inácio Lula da Silva (PT) deixou nas mãos do Ministro da Fazenda, Dario Durigan, a missão de mapear os possíveis prejuízos ao Brasil sobre a","O presidente Luiz Inácio Lula da Silva (PT) deixou nas mãos do Ministro da Fazenda, Dario Durigan, a missão de mapear os possíveis prejuízos ao Brasil sobre a decisão dos Estados Unidos de classificar o PCC (Primeiro Comando da Capital) e o CV (Coman... [2087 chars]",Tribuna Do Norte,2026-06-02T03:00:00Z,https://tribunadonorte.com.br/politica/lula-pede-que-durigan-mapeie-possiveis-prejuizos-ao-brasil/
pt,Lula 3 cria gasto extra de quase R$ 1 trilhão na conta de luz,Levantamento da Frente Nacional dos Consumidores de Energia contabiliza que o terceiro mandato de Lula (PT) e a atual legislatura do Congresso Nacional,"Levantamento da Frente Nacional dos Consumidores de Energia contabiliza que o terceiro mandato de Lula (PT) e a atual legislatura do Congresso Nacional criaram uma despesa extra na conta de luz da ordem de R$ 985 bilhões até 2050.
Ou seja, quase R$ 1... [3973 chars]",Tribuna Do Norte,2026-06-02T03:00:00Z,https://tribunadonorte.com.br/politica/lula-3-cria-gasto-extra-de-quase-r-1-trilhao-na-conta-de-luz/
pt,Deputado aciona PF para investigar elo de aliados de Flávio com CV,Alencar Santana (PT-SP) protocolou notícia de fato para investigar suposta tentativa de infiltração no governo do Rio por facção criminosa,"O deputado federal Alencar Santana (PT-SP) protocolou nesta segunda-feira (1°/6) uma notícia de fato na Polícia Federal para solicitar a investigação sobre a possível utilização, por integrantes da facção criminosa Comando Vermelho (CV), de aliados p... [1510 chars]",Metrópoles,2026-06-02T02:41:13Z,https://www.metropoles.com/brasil/deputado-aciona-pf-para-investigar-elo-de-aliados-de-flavio-com-cv
pt,PT diante de três caminhos,A legenda pretende conduzir uma série de pesquisas qualitativas para avaliar a melhor estratégia em Minas,"Para além da orientação de candidatura própria na disputa pelo governo de Minas, extraída do encontro realizado pelo PT de Minas, no sábado, em Contagem, dois outros caminhos se abrem para o partido no estado: a conversa com o PSB, em torno de uma co... [7451 chars]",Estado de Minas,2026-06-02T02:00:00Z,https://www.em.com.br/colunistas/bertha-maakaroun/2026/06/7432464-pt-diante-de-tres-caminhos.html
campanha,Jason Momoa faz apelo divertido para que famílias voltem a brincar,Jason Momoa estrela campanha da Lego que usa humor para defender mais tempo de brincadeiras entre crianças e adultos.,"Jason Momoa assumiu um papel pouco convencional na nova campanha global da Lego. Em um filme que mistura live-action e elementos visuais característicos da marca, o ator interrompe uma reunião corporativa para defender uma causa simples, mas cada vez... [2805 chars]",OFuxico,2026-06-02T11:33:39Z,https://ofuxico.com.br/noticias/internacional/jason-momoa-faz-apelo-divertido-para-que-familias-voltem-a-brincar/
campanha,TSE libera propaganda intrapartidária a partir de julho; entenda as regras da pré-campanha,Pré-candidatos poderão fazer propaganda intrapartidária a partir de 5 de julho; entenda,"Embora a propaganda eleitoral oficial só tenha início em 16 de agosto, os pré-candidatos e partidos já podem realizar uma série de atividades previstas pela legislação eleitoral. A partir de 5 de julho, por exemplo, passa a ser permitida a propaganda... [5333 chars]",Folha De Boa Vista,2026-06-02T11:32:05Z,https://www.folhabv.com.br/politica/tse-libera-propaganda-intrapartidaria-a-partir-de-julho-entenda-as-regras-da-pre-campanha/
campanha,João Fonseca x Mensik em Roland Garros; veja horário e onde assistir,"Brasileiro tenta ampliar campanha histórica diante do jovem tcheco, que vive ascensão","A trajetória de João Fonseca em Roland Garros ganha mais um capítulo hoje. Depois de superar o sérvio Novak Djokovic e o norueguês Casper Ruud, o brasileiro agora terá pela frente o tcheco Jakub Mensik, em busca de um lugar entre os semifinalistas do... [540 chars]",Diario Do Grande Abc,2026-06-02T11:29:00Z,https://www.dgabc.com.br/Noticia/4322130/joao-fonseca-x-mensik-em-roland-garros-veja-horario-e-onde-assistir
campanha,João Fonseca mede forças com Mensik pelas quartas em Roland Garros,"Brasileiro tenta ampliar campanha histórica diante do jovem tcheco, que vive ascensão","A trajetória de João Fonseca em Roland Garros ganha mais um capítulo hoje. Depois de superar o sérvio Novak Djokovic e o norueguês Casper Ruud, o brasileiro agora terá pela frente o tcheco Jakub Mensik, em busca de um lugar entre os semifinalistas do... [528 chars]",Diario Do Grande Abc,2026-06-02T11:29:00Z,https://www.dgabc.com.br/Noticia/4322130/joao-fonseca-mede-forcas-com-mensik-pelas-quartas-em-roland-garros
campanha,"Campanha eleitoral do V. Guimarães aquece: ""Os vitorianos saberão distinguir...""",Rui Rodrigues responde à… resposta de Viriato Sampaio sobre as críticas ao Stadium Finance Continue a ler.,"Na noite desta segunda-feira, a Lista D (concorrente às eleições do Vitória de Guimarães), liderada pelo atual vice-presidente Rui Rodrigues, questionou a proposta do Stadium Finance, apresentada pela Lista C, considerando que tal plano é de «difícil... [2036 chars]",A Bola,2026-06-02T11:16:38Z,https://www.abola.pt/noticias/campanha-eleitoral-do-v-guimaraes-aquece-os-vitorianos-saberao-distinguir-2026060211163817478
campanha,"Vini, Margarida e outros 'craques': cães se transformam em figurinhas em campanha de adoção em MG","Inspirada no clima da Copa, ação em Lavras transforma animais em figurinhas de futebol para incentivar adoções; parque abriga cerca de 300 cães.","Uma campanha em Lavras (MG) está incentivando a adoção de cães com um tema inspirado na Copa do Mundo. A ação acontece no Parque São Francisco de Assis, um canil mantido por uma ONG em parceria com a prefeitura. Atualmente, o local abriga cerca de 30... [2115 chars]",G1,2026-06-02T10:24:07Z,https://g1.globo.com/mg/sul-de-minas/noticia/2026/06/02/copa-do-mundo-caes-se-transformam-em-figurinhas-em-campanha-de-adocao-em-lavras-mg.ghtml
campanha,"Sesc Roraima, lança a campanha “Recriar Jeans: Transformando Jeans em Oportunidades”","A iniciativa que vai até o dia 30, tem foco na sustentabilidade, geração de renda e inclusão social, que vai arrecadar peças jeans usadas para serem reaproveitadas em oficinas de costura sustentável destinadas a mulheres em situação de vulnerabilidade social atendidas pelo projeto Envolva-se, do Sesc Mesa Brasil","Com Tudo
* O Sesc Roraima, acaba de lançar a campanha “Recriar Jeans: Transformando Jeans em Oportunidades”, iniciativa com foco na sustentabilidade, geração de renda e inclusão social, que vai arrecadar peças jeans usadas para serem reaproveitadas e... [6162 chars]",Folha De Boa Vista,2026-06-02T10:00:00Z,https://www.folhabv.com.br/colunas/sesc-roraima-lanca-a-campanha-recriar-jeans-transformando-jeans-em-oportunidades/
campanha,Copa põe Brasil de novo na mira do sarampo,"Saiba mais sobre o risco de sarampo durante a Copa, com casos nos países-sede e campanha de vacinação. Leia mais para proteger sua saúde neste evento.","A contagem regressiva para a Copa traz apreensão, não só pela disputa do hexa, mas pelo risco sanitário ao Brasil. México, Estados Unidos e Canadá respondiam, juntos, por aproximadamente 13,8 mil casos de sarampo neste ano, até a primeira quinzena de... [1786 chars]",O Tempo,2026-06-02T10:00:00Z,https://www.otempo.com.br/opiniao/editorial/2026/6/2/copa-poe-brasil-de-novo-na-mira-do-sarampo
campanha,Xiaomi 17T tem ainda mais vantagens em cima? Curioso!,"A Xiaomi lançou muito recentemente os seus novos 17T e 17T Pro, ambos com uma campanha de lançamento extremamente interessante","A Xiaomi lançou muito recentemente os seus novos 17T e 17T Pro, ambos com uma campanha de lançamento extremamente interessante, porque o modelo base está 150€ mais barato, enquanto o modelo Pro está 200€ mais barato. Valores muito significativos, e q... [3257 chars]",Leak,2026-06-02T09:57:01Z,https://www.leak.pt/xiaomi-17t-tem-ainda-mais-vantagens-em-cima-curioso/
urna,Debate eleitoral deve ir além dos nomes na urna,"É essencial tratar de questões estruturais, como emendas ou representação na Câmara","As eleições de outubro caminham mais uma vez para um quadro marcado pela polarização. A escolha do próximo presidente será novamente ditada pela preferência por este ou aquele nome, no máximo esta ou aquela linha ideológica. Ao mesmo tempo, por mais ... [3291 chars]",O GLOBO,2026-05-31T03:10:33Z,https://oglobo.globo.com/opiniao/editorial/coluna/2026/05/debate-eleitoral-deve-ir-alem-dos-nomes-na-urna.ghtml
urna,TSE cassa vereadora eleita para 'camuflar' candidato inelegível,"Nome da candidatura coletiva usada na urna serviu para driblar inelegibilidade de candidato, o que configura abuso de poder, segundo TSE.","Quem utiliza a figura da candidatura coletiva para promover nas urnas uma pessoa inelegível pratica fraude à lei eleitoral, a qual pode ser entendida como abuso de poder político, tendo como consequência cassação e inelegibilidade.
A conclusão é do T... [2046 chars]",Consultor Jurídico,2026-05-27T13:33:21Z,https://www.conjur.com.br/2026-mai-27/uso-de-candidatura-coletiva-para-camuflar-inelegivel-e-abuso-de-poder/
urna,"Eleições 2026: Há 30 anos, Brasil vota pela urna eletrônica",O modelo mais recente possui criptografia para evitar fraudes,"As eleições de outubro marcam profundas transformações na Democracia brasileira. Neste ano, em que o país vai às urnas para decidir quem será o futuro presidente do Brasil, além da escolha pelo governador, senadores e deputados, estadual e federal, a... [1882 chars]",Diario Do Grande Abc,2026-05-24T19:15:00Z,https://www.dgabc.com.br/Noticia/4320773/eleicoes-2026-ha-30-anos-brasil-vota-pela-urna-eletronica
urna,Partido da oposição conservador venceu eleições legislativas em Chipre,"O partido da oposição DISY (conservador) terá vencido as eleições legislativas de hoje em Chipre, seguido do opositor AKEL (comunista), confirmando-se também o avanço do partido ultranacionalista ELAM, segundo sondagens à boca da urna.","De acordo com as projeções, publicados pela emissora pública RIK após o encerramento das mesas de voto, o DISY obtido entre 22,5 e 25,5% dos votos, seguido pelo AKEL, com 21-24%.
Com estes resultados, as duas formações continuam a ser as duas maiores... [1728 chars]",Notícias ao Minuto,2026-05-24T18:13:34Z,https://www.noticiasaominuto.com/mundo/2994950/partido-da-oposicao-conservador-venceu-eleicoes-legislativas-em-chipre
urna,O torcedor vendado que decidiu uma vaga nas Eliminatórias da Copa,"Em 1960, um torcedor italiano retirou um papel de uma urna e definiu a vaga de Marrocos nas Eliminatórias da Copa do Mundo","Muito antes da disputa por pênaltis se tornar regra no futebol, uma vaga nas Eliminatórias da Copa do Mundo foi definida de forma inusitada. Em 1960, Marrocos e Tunísia terminaram empatados após três partidas válidas pela classificação para o Mundial... [979 chars]",Diário do Centro do Mundo,2026-05-22T13:46:23Z,https://www.diariodocentrodomundo.com.br/essencial/o-torcedor-vendado-que-decidiu-uma-vaga-nas-eliminatorias-da-copa/
urna,Estamos assistindo a política e a polícia riscarem o nome Bolsonaro da urna para presidente,Silêncio do senador sobre vínculos com Daniel Vorcaro aprofundou crise no PL e colocou sua pré-candidatura em rota de inviabilidade,"A crise envolvendo Flávio Bolsonaro e o ex-banqueiro Daniel Vorcaro se transformou rapidamente numa ameaça estrutural ao projeto político do bolsonarismo em 2026. O ponto politicamente explosivo no PL foi a percepção, dentro do partido, de que Flávio... [3106 chars]",Brasil 247,2026-05-21T05:52:45Z,https://www.brasil247.com/blog/estamos-assistindo-a-politica-e-a-policia-riscarem-o-nome-bolsonaro-da-urna-para-presidente
urna,Homem compra urna para pôr as cinzas do avô e recebe o produto com restos mortais de outra pessoa,Mark Culbertson acusa a Amazon de vender produto usado e não se preocupar em encontrar os familiares para fazer a devolução do material,"Para isso, ele entrou em contato com a Amazon, que foi onde realizou a compra do produto, mas ficou decepcionado com a resposta que recebeu. De acordo com a empresa, o pedido havia sido feito há 1 ano e por isso não tinha muito a ser feito, a não ser... [717 chars]",EXTRA,2026-05-20T16:51:18Z,https://extra.globo.com/blogs/page-not-found/post/2026/05/neto-compra-urna-para-por-as-cinzas-do-avo-e-recebe-o-produto-com-restos-mortais-de-outra-pessoa.ghtml
urna,"“Não discuto resultado de urna”, diz Caiado",Pré-candidato à Presidência critica centralização do poder federal durante a marcha dos prefeitos nesta 4ª feira (20.mai). Leia no Poder360.,"O ex-governador de Goiás e pré-candidato à Presidência da República, Ronaldo Caiado (PSD), afirmou nesta 4ª feira (20.mai.2026) que “não discute resultado de urna” ao defender respeito ao processo eleitoral durante participação na XXVII Marcha a Bras... [3219 chars]",Poder360,2026-05-20T16:09:15Z,https://www.poder360.com.br/poder-eleicoes/nao-discuto-resultado-de-urna-diz-caiado/
urna,O ensino superior português entra na era do voto alargado,"Há razões para celebrar e há razões para estar atento. Os próximos cinco anos, prazo previsto na lei para a avaliação da sua aplicação, dirão se a urna trouxe mais legitimidade ou mais ruído.","Olá
Os leitores são a força e a vida dos jornais. Contamos com o seu apoio, .
Os leitores são a força e a vida do PÚBLICO. Obrigado pelo seu apoio.
Opinião
O ensino superior português entra na era do voto alargado
Há razões para celebrar e há razões ... [1093 chars]",PÚBLICO,2026-05-19T20:45:42Z,https://www.publico.pt/2026/05/19/opiniao/opiniao/ensino-superior-portugues-entra-voto-alargado-2175328
urna,Recife: homem que colou teclas de urna eletrônica nas eleições de 2022 é condenado pelo TRE-PE,"Acompanhe as últimas notícias de Pernambuco, Brasil e do mundo - Notícias sempre atualizadas","Leia Também
• Jô Cavalcanti retira pré-candidatura ao Senado
• Frente Evangélica de Pernambuco é lançada com debates sobre liberdade religiosa
• Eduardo e Lula da Fonte comemoram chegada de equipamento cardíaco no Hospital Agamenon Magalhães
Um homem... [2109 chars]",Folha De Pernambuco,2026-05-19T15:55:00Z,https://www.folhape.com.br/colunistas/blogdafolha/recife-homem-que-colou-teclas-de-urna-eletronica-nas-eleicoes-de-2022-e-condenado-pelo-tre-pe/57365/
voto,"Ricardo Velho: ""É um grande voto de confiança que o mister me proporcionou""","Ricardo Velho, guarda-redes do Gençlerbirliği, disse aos jornalistas que não está numa ""posição ingrata"" e mostrou-se satisfeito por Roberto Martínez contar com ele para trabalhar com o restante grupo da seleção.","""Acho que não há maior motivação que representar o nosso país. Para mim é um prazer poder estar aqui e ajudar a equipa a ganhar, seja em que função for. E certamente vamos fazer um grande Campeonato do Mundo"", começou por dizer Ricardo Velho, antes d... [1393 chars]",Jornal de Notícias,2026-06-02T09:12:00Z,https://www.jn.pt/desporto/artigo/ricardo-velho-e-um-grande-voto-de-confianca-que-o-mister-me-proporcionou/18091068
voto,"Ricardo Velho: ""Não é uma posição ingrata, estou aqui com muito orgulho""",Guarda-redes agradece voto de confiança de Roberto Martínez Continue a ler.,"Ricardo Velho, integrado no grupo da Seleção Nacional que prepara a participação no Mundial 2026, falou em conferência de Imprensa sobre o seu papel ao serviço de Portugal, no segundo dia de estágio na Cidade do Futebol.
«Não é uma posição ingrata, e... [1326 chars]",A Bola,2026-06-02T08:45:30Z,https://www.abola.pt/noticias/ricardo-velho-nao-e-uma-posicao-ingrata-estou-aqui-com-muito-orgulho-2026060208252467766
voto,"PCC e CV: decisão dos EUA anima bolsonaristas, mas impacto eleitoral é incerto",Pesquisa eleitoral feita após classificação do PCC e do CV como terroristas pelos EUA mantém queda nas intenção de voto de Flávio,"Embora os efeitos eleitorais ainda sejam incertos, pesquisa divulgada nesta semana mostra que a articulação do senador Flávio Bolsonaro (PL) com os Estados Unidos ainda não foi capaz de impactar o eleitor positivamente. Para analistas consultados pel... [5903 chars]",Metrópoles,2026-06-02T05:00:50Z,https://www.metropoles.com/brasil/decisao-dos-eua-anima-base-bolsonarista-mas-impacto-eleitoral-e-incerto
voto,TCE recomenda rejeição das contas de 2025 de Cláudio Castro no RJ,"TCE-RJ recomendou rejeitar contas de 2025 do governo Castro. Voto cita problemas no Rioprevidência, divergência de caixa e novas auditorias.","O TCE-RJ (Tribunal de Contas do Estado do Rio de Janeiro) recomendou nesta segunda-feira (1º) a rejeição das contas do governo Cláudio Castro (PL) de 2025. Por 3 votos a 1, ele aponta falhas nos números do balanço do estado, incluindo no Rioprevidênc... [3230 chars]",A Tribuna,2026-06-02T01:07:04Z,https://tribunaonline.com.br/politica/tce-recomenda-rejeicao-das-contas-de-2025-de-claudio-castro-no-rj-312913
voto,"Ricardo Velho: ""É um prazer estar aqui e poder ajudar a Seleção, seja em que função for""","Agradecido pelo 'voto de confiança' de Roberto Martínez, o guarda-redes, que não deverá sentar-se no banco de Portugal durante o Mundial, sublinhou não se sentir numa posição ingrata",Ricardo Velho respondeu esta terça-feira às perguntas dos jornalistas na conferência de imprensa que se realizou momentos antes do segundo treino da Seleção Nacional na Cidade do Futebol durante a fase de preparação para o Campeonato do Mundo deste a... [4649 chars],Record,2026-06-02T00:00:00Z,https://www.record.pt/internacional/competicoes-de-selecoes/mundial/mundial-2026/detalhe/ricardo-velho-e-um-prazer-estar-aqui-e-poder-ajudar-a-selecao-seja-em-que-funcao-for
voto,O fracasso total de Aécio Neves em pesquisa para presidente,"Pesquisa Real Time Big Data aponta 45% de rejeição a Aécio Neves, que registra 3% das intenções de voto para a eleição de 2026.","O deputado federal Aécio Neves (PSDB-MG) aparece com 45% de rejeição na pesquisa Real Time Big Data divulgada nesta segunda-feira (1º). Segundo o levantamento, esse é o terceiro maior índice entre os 14 nomes avaliados, atrás apenas de Lula (PT) e Fl... [992 chars]",Diário do Centro do Mundo,2026-06-01T20:41:51Z,https://www.diariodocentrodomundo.com.br/essencial/o-fracasso-total-de-aecio-neves-em-pesquisa-para-presidente/
voto,"Renan Santos cita pesquisa, projeta vitória e diz que ""arrasará"" Lula em debates","Pré-candidato à Presidência pelo Missão afirmou que dobrará intenções de voto, questionou metodologia do instituto Real Time Big Data e voltou a defender endurecimento no combate ao crime","O pré-candidato à Presidência da República Renan Santos, fundador do Missão, afirmou nesta segunda-feira (1º) que vencerá as eleições presidenciais e que, caso enfrente o presidente Luiz Inácio Lula da Silva (PT) em debates, irá “arrasá-lo”.
A declar... [1547 chars]",Correio Braziliense,2026-06-01T20:22:30Z,https://www.correiobraziliense.com.br/politica/2026/06/7432623-renan-santos-cita-pesquisa-projeta-vitoria-e-diz-que-arrasara-lula-em-debates.html
voto,Renan Santos e a revolta dos lascados da direita,"Líder do partido Missão e do MBL tem 6,9% das intenções de voto no primeiro turno","Neste ano, um nome ainda desconhecido da maioria dos brasileiros roubou o protagonismo de Lula e Flávio Bolsonaro. Se sobreviver à campanha, Renan Santos, líder do partido Missão e do MBL, terá se tornado um político influente —e talvez presidente da... [2756 chars]",Folha de S.Paulo,2026-06-01T20:12:00Z,https://www1.folha.uol.com.br/colunas/juliano-spyer/2026/06/renan-santos-e-a-revolta-dos-lascados-da-direita.shtml
voto,"Lula articula França vice de Haddad em SP, mas PSB quer ex-ministro para o Senado","Petista já havia pedido voto para Marina Silva em agenda na capital paulista, em um 'gesto político forte' na avaliação da campanha que briga pela segunda vaga","O presidente Lula externou a aliados a preferência por contar com Márcio França (PSB) como candidato a vice na chapa de Fernando Haddad (PT) ao governo de São Paulo. O PSB, no entanto, insiste por ora na possibilidade de o ex-ministro concorrer ao Se... [2488 chars]",InfoMoney,2026-06-01T19:29:14Z,https://www.infomoney.com.br/politica/lula-articula-franca-vice-de-haddad-em-sp-mas-psb-quer-ex-ministro-para-o-senado/
fraude,Polícia investiga fraude em testamento bilionário de empresário no Rio,A investigação também apura um testamento que teria sido elaborado cerca de duas horas antes da morte do empresário,"A Polícia Civil do Rio de Janeiro (PCERJ) deflagrou, nessa segunda-feira (2/6), a Operação Último Suspiro para investigar um grupo suspeito de se aproveitar da condição de saúde do empresário Oswaldo Rodrigues Vieira Filho (foto em destaque), 78 anos... [2633 chars]",Metrópoles,2026-06-02T10:48:00Z,https://www.metropoles.com/colunas/mirelle-pinheiro/policia-investiga-fraude-em-testamento-bilionario-de-empresario-no-rio
fraude,Três PMs são alvo de operação por homicídio e fraude fiscal na Bahia,O Ministério Público da Bahia deflagrou operação contra três policiais militares investigados por homicídio qualificado e fraude processual relacionados à morte de um homem em Brumado.,"Três policiais militares são alvos de uma operação deflagrada pelo Ministério Público do Estado da Bahia (MPBA), nesta terça-feira, 2, no âmbito das investigações sobre a morte de Olimpio Michael Lopes de Oliveira, ocorrida em 1º de setembro de 2024,... [630 chars]",A Tarde,2026-06-02T09:37:02Z,https://atarde.com.br/policia/tres-pms-sao-alvo-de-operacao-por-homicidio-e-fraude-fiscal-na-bahia-1390750
fraude,Polícia investiga suspeita de fraude em testamento de empresário com fortuna de mais R$ 1 bilhão,Documento foi assinado duas horas antes da vítima morrer em um hospital da Zona Sudoeste,"Entre elas estão uma advogada e um policial militar. A primeira figura no testamento como inventariante e administradora dos bens do empresário. Segundo a polícia, ela já respondeu a processos por suspeita de fraude nos Estados da Bahia e de São Paul... [2955 chars]",EXTRA,2026-06-02T09:01:01Z,https://extra.globo.com/rio/casos-de-policia/noticia/2026/06/policia-investiga-suspeita-de-fraude-em-testamento-de-empresario-com-fortuna-de-mais-r-1-bilhao.ghtml
fraude,Gabinete de Mario Frias pagou R$ 154 mil a empresa investigada por fraude,"Dados da Câmara mostram repasses com cota parlamentar à Complexsys, citada em apuração sobre contrato de wi-fi da Prefeitura de SP","247 - O gabinete do deputado federal Mario Frias (PL-SP) pagou R$ 154 mil à Complexsys Soluções Integradas Ltda., empresa citada em uma investigação sobre o contrato de wi-fi gratuito firmado pela Prefeitura de São Paulo com o Instituto Conhecer Bras... [7398 chars]",Brasil 247,2026-06-02T08:28:34Z,https://www.brasil247.com/regionais/sudeste/gabinete-de-mario-frias-pagou-r-154-mil-a-empresa-investigada-por-fraude
fraude,5 mil moradores e 63 mil devedores: como cidade no sertão do PI expôs fraude nacional do Limpa-nome,O esquema envolvia associações de defesa do consumidor que acionam a Justiça em cidades pequenas para impedir que órgãos como Serasa e SPC divulguem as dívidas existentes em todo o país.,"Segundo apurações mostradas pelo Fantástico, liminares obtidas em nome de uma associação sediada em São Gonçalo do Piauí beneficiaram cerca de 63 mil pessoas endividadas em todo o país — número equivalente a 13 vezes a população do município. O caso ... [1583 chars]",G1,2026-06-02T07:01:29Z,https://g1.globo.com/fantastico/noticia/2026/06/02/5-mil-moradores-e-63-mil-devedores-como-cidade-no-sertao-do-pi-expos-fraude-nacional-do-limpa-nome.ghtml
fraude,Polícia investiga suspeita de fraude em testamento de empresário morto que tinha patrimônio estimado em mais de R$ 1 bilhão,"Documento foi assinado duas horas antes da vítima morrer com câncer terminal em hospital onde estava internado, na Zona Sudoeste do Rio","Um esquema envolvendo um testamento de um patrimônio estimado em mais de R$ 1 bilhão, que inclui precatórios milionários e imóveis no Rio, na Região Serrana e em São Paulo, assinado por um empresário em estado terminal de câncer duas horas antes de s... [5031 chars]",O GLOBO,2026-06-02T07:01:00Z,https://oglobo.globo.com/rio/noticia/2026/06/02/policia-investiga-suspeita-de-fraude-em-testamento-de-empresario-morto-que-tinha-patrimonio-estimado-em-mais-de-r-1-bilhao.ghtml
fraude,Cedae: Auditoria aponta perda de R$ 220 milhões no Banco Master,"Auditoria da Cedae revela que a estatal mudou regras para investir no Banco Master, gerando um prejuízo de R$ 222 milhões e suspeitas de fraude e negligência.","Uma auditoria interna da Cedae descobriu que mais de R$ 220 milhões investidos no Banco Master podem ter se perdido. Ao todo, o Governo do Estado do Rio injetou quase R$ 4 bilhões no Banco Master.
A maior parte dos recursos, cerca de R$ 3,7 bilhões, ... [10061 chars]",G1,2026-06-02T03:01:09Z,https://g1.globo.com/rj/rio-de-janeiro/noticia/2026/06/02/prejuizo-da-cedae-com-o-master.ghtml
fraude,"AIMA e Conselho de Migrações elogiam projetos de lei do PSD, PS, Livre e BE sobre apátridas",Responsáveis da Agência para a Integração consideraram os projetos exequíveis e resistentes ao risco de fraude.,"O Correio da Manhã incentiva todos os Leitores a interagirem através de comentários às notícias publicadas no seu site, de uma maneira respeitadora com o cumprimento dos princípios legais e constitucionais. Assim são totalmente ilegítimos comentários... [7369 chars]",Correio da Manhã,2026-06-02T00:00:00Z,https://www.cmjornal.pt/politica/detalhe/aima-e-conselho-de-migracoes-elogiam-projetos-de-lei-do-psd-ps-livre-e-be-sobre-apatridas
fraude,"PSD acusa Chega de ser ""fraude eleitoral"" após votar contra urgência para debater Prestação Social Única",Hugo Soares acusou o Chega de ser 'um partido de faz de conta' e apontou contradições entre o que diz defender e o que faz.,"O Correio da Manhã incentiva todos os Leitores a interagirem através de comentários às notícias publicadas no seu site, de uma maneira respeitadora com o cumprimento dos princípios legais e constitucionais. Assim são totalmente ilegítimos comentários... [7369 chars]",Correio da Manhã,2026-06-02T00:00:00Z,https://www.cmjornal.pt/politica/detalhe/psd-acusa-chega-de-ser-fraude-eleitoral-apos-votar-contra-urgencia-para-debater-prestacao-social-unica
fraude,Diocese do Porto denuncia tentativa de fraude com nome do vigário geral,Organização da Igreja Católica recomenda que a mensagem seja ignorada e que não seja dada qualquer resposta ao referido e-mail.,"O Correio da Manhã incentiva todos os Leitores a interagirem através de comentários às notícias publicadas no seu site, de uma maneira respeitadora com o cumprimento dos princípios legais e constitucionais. Assim são totalmente ilegítimos comentários... [7369 chars]",Correio da Manhã,2026-06-02T00:00:00Z,https://www.cmjornal.pt/portugal/detalhe/diocese-do-porto-denuncia-tentativa-de-fraude-com-nome-do-vigario-geral
